{ "textField": "bar",
  "dataField": [102, 108, 117, 120],
  "voidList": [null, null],
  "boolList": [false, false, false, false, false],
  "int8List": [12, -110, -128, 127],
  "int16List": [1234, -5679, -32768, 32767],
  "int32List": [12345678, -90123354, -2147483648, 2147483647],
  "int64List": ["123456789012345", "-678901234557894", "-9223372036854775808", "9223372036854775807"],
  "uInt8List": [12, 39, 0, 255],
  "uInt16List": [1234, 5630, 0, 65535],
  "uInt32List": [12345678, 90155456, 0, 4294967295],
  "uInt64List": ["123456789012345", "678903454567890", "0", "18446744073709551615"],
  "float32List": [0, 1234567, 9.999999790214768e33, -9.999999790214768e33, 1.000000046701102e-34, -1.000000046701102e-34],
  "float64List": [0, 123456789012345, 1e303, -1e303, 1e-303, -1e-303],
  "enumList": ["foo", "qux", "grault"] }
