{ "textField": "baz",
  "dataField": [113, 117, 120],
  "voidList": [null, null, null],
  "boolList": [false, true, false, true, true],
  "int8List": [12, -34, -128, 127],
  "int16List": [1234, -5678, -32768, 32767],
  "int32List": [12345678, -90123456, -2147483648, 2147483647],
  "int64List": ["123456789012345", "-678901234567890", "-9223372036854775808", "9223372036854775807"],
  "uInt8List": [12, 34, 0, 255],
  "uInt16List": [1234, 5678, 0, 65535],
  "uInt32List": [12345678, 90123456, 0, 4294967295],
  "uInt64List": ["123456789012345", "678901234567890", "0", "18446744073709551615"],
  "float32List": [0, 1234567, 9.9999999338158125e36, -9.9999999338158125e36, 9.99999991097579e-38, -9.99999991097579e-38],
  "float64List": [0, 123456789012345, 1e306, -1e306, 1e-306, -1e-306],
  "enumList": ["qux", "bar", "grault"] }
